[
    {
        "slug": "electric-planer-brandix-kl370090g-300-watts",
        "name": "Electric Planer Brandix KL370090G 300 Watts",
        "price": 7491,
        "images": [
            "assets/images/products/product-1.jpg",
            "assets/images/products/product-1-1.jpg"
        ],
        "badges": "new",
        "rating": 4,
        "reviews": 12,
        "availability": "in-stock",
        "brand": "brandix",
        "categories": ["screwdrivers"],
        "attributes": [
            {"slug": "color",             "values": ["yellow"]},
            {"slug": "speed",             "values": ["750-rpm"],           "featured": true},
            {"slug": "power-source",      "values": ["cordless-electric"], "featured": true},
            {"slug": "battery-cell-type", "values": ["lithium"],           "featured": true},
            {"slug": "voltage",           "values": ["20-volts"],          "featured": true},
            {"slug": "battery-capacity",  "values": ["2-Ah"],              "featured": true}
        ]
    },
    {
        "slug": "undefined-tool-iradix-dps3000sy-2700-watts",
        "name": "Undefined Tool IRadix DPS3000SY 2700 Watts",
        "price": 1019,
        "images": [
            "assets/images/products/product-2.jpg",
            "assets/images/products/product-2-1.jpg"
        ],
        "badges": "hot",
        "rating": 5,
        "reviews": 3,
        "availability": "in-stock",
        "brand": "zosch",
        "categories": [],
        "attributes": [
            {"slug": "color",             "values": ["silver", "cerise"]},
            {"slug": "speed",             "values": ["750-rpm"],           "featured": true},
            {"slug": "power-source",      "values": ["cordless-electric"], "featured": true},
            {"slug": "battery-cell-type", "values": ["lithium"],           "featured": true},
            {"slug": "voltage",           "values": ["20-volts"],          "featured": true},
            {"slug": "battery-capacity",  "values": ["2-Ah"],              "featured": true}
        ]
    },
    {
        "slug": "drill-screwdriver-brandix-alx7054-200-watts",
        "name": "Drill Screwdriver Brandix ALX7054 200 Watts",
        "price": 850,
        "images": [
            "assets/images/products/product-3.jpg",
            "assets/images/products/product-3-1.jpg"
        ],
        "rating": 4,
        "reviews": 8,
        "availability": "in-stock",
        "brand": "brandix",
        "categories": [],
        "attributes": [
            {"slug": "color",             "values": ["yellow"]},
            {"slug": "speed",             "values": ["750-rpm"],           "featured": true},
            {"slug": "power-source",      "values": ["cordless-electric"], "featured": true},
            {"slug": "battery-cell-type", "values": ["lithium"],           "featured": true},
            {"slug": "voltage",           "values": ["20-volts"],          "featured": true},
            {"slug": "battery-capacity",  "values": ["2-Ah"],              "featured": true}
        ]
    },

    {
        "slug": "brandix-router-power-tool-2017erxpk",
        "name": "Brandix Router Power Tool 2017ERXPK",
        "price": 1700,
        "images": [
            "assets/images/products/product-5.jpg",
            "assets/images/products/product-5-1.jpg"
        ],
        "rating": 4,
        "reviews": 2,
        "availability": "in-stock",
        "brand": "wakita",
        "categories": [],
        "attributes": [
            {"slug": "color",             "values": "dark-blue"},
            {"slug": "speed",             "values": ["750-rpm"],           "featured": true},
            {"slug": "power-source",      "values": ["cordless-electric"], "featured": true},
            {"slug": "battery-cell-type", "values": ["lithium"],           "featured": true},
            {"slug": "voltage",           "values": ["20-volts"],          "featured": true},
            {"slug": "battery-capacity",  "values": ["2-Ah"],              "featured": true}
        ]
    },
    {
        "slug": "brandix-drilling-machine-dm2019kw4-4kw",
        "name": "Brandix Drilling Machine DM2019KW4 4kW",
        "price": 3199,
        "images": [
            "assets/images/products/product-6.jpg",
            "assets/images/products/product-6-1.jpg"
        ],
        "rating": 3,
        "reviews": 21,
        "availability": "in-stock",
        "brand": "wakita",
        "categories": [],
        "attributes": [
            {"slug": "color",             "values": "orange"},
            {"slug": "speed",             "values": ["750-rpm"],           "featured": true},
            {"slug": "power-source",      "values": ["cordless-electric"], "featured": true},
            {"slug": "battery-cell-type", "values": ["lithium"],           "featured": true},
            {"slug": "voltage",           "values": ["20-volts"],          "featured": true},
            {"slug": "battery-capacity",  "values": ["2-Ah"],              "featured": true}
        ]
    },
    {
        "slug": "brandix-pliers",
        "name": "Brandix Pliers",
        "price": 24,
        "images": [
            "assets/images/products/product-7.jpg",
            "assets/images/products/product-7-1.jpg"
        ],
        "rating": 2,
        "reviews": 1,
        "availability": "in-stock",
        "brand": "wevalt",
        "categories": [],
        "attributes": [
            {"slug": "color",             "values": "red"},
            {"slug": "speed",             "values": ["750-rpm"],           "featured": true},
            {"slug": "power-source",      "values": ["cordless-electric"], "featured": true},
            {"slug": "battery-cell-type", "values": ["lithium"],           "featured": true},
            {"slug": "voltage",           "values": ["20-volts"],          "featured": true},
            {"slug": "battery-capacity",  "values": ["2-Ah"],              "featured": true}
        ]
    },
    {
        "slug": "water-hose-40cm",
        "name": "Water Hose 40cm",
        "price": 15,
        "images": [
            "assets/images/products/product-8.jpg",
            "assets/images/products/product-8-1.jpg"
        ],
        "rating": 2,
        "reviews": 5,
        "availability": "in-stock",
        "brand": "hammer",
        "categories": [],
        "attributes": [
            {"slug": "color",             "values": ["pear-green", "blue"]},
            {"slug": "speed",             "values": ["750-rpm"],           "featured": true},
            {"slug": "power-source",      "values": ["cordless-electric"], "featured": true},
            {"slug": "battery-cell-type", "values": ["lithium"],           "featured": true},
            {"slug": "voltage",           "values": ["20-volts"],          "featured": true},
            {"slug": "battery-capacity",  "values": ["2-Ah"],              "featured": true}
        ]
    },
    {
        "slug": "spanner-wrench",
        "name": "Spanner Wrench",
        "price": 19,
        "images": [
            "assets/images/products/product-9.jpg",
            "assets/images/products/product-9-1.jpg"
        ],
        "rating": 4,
        "reviews": 34,
        "availability": "in-stock",
        "brand": "hammer",
        "categories": [],
        "attributes": [
            {"slug": "color",             "values": "green"},
            {"slug": "speed",             "values": ["750-rpm"],           "featured": true},
            {"slug": "power-source",      "values": ["cordless-electric"], "featured": true},
            {"slug": "battery-cell-type", "values": ["lithium"],           "featured": true},
            {"slug": "voltage",           "values": ["20-volts"],          "featured": true},
            {"slug": "battery-capacity",  "values": ["2-Ah"],              "featured": true}
        ]
    },
    {
        "slug": "water-tap",
        "name": "Water Tap",
        "price": 15,
        "images": [
            "assets/images/products/product-10.jpg",
            "assets/images/products/product-10-1.jpg"
        ],
        "rating": 5,
        "reviews": 3,
        "availability": "in-stock",
        "brand": "hammer",
        "categories": [],
        "attributes": [
            {"slug": "color",             "values": "gray"},
            {"slug": "speed",             "values": ["750-rpm"],           "featured": true},
            {"slug": "power-source",      "values": ["cordless-electric"], "featured": true},
            {"slug": "battery-cell-type", "values": ["lithium"],           "featured": true},
            {"slug": "voltage",           "values": ["20-volts"],          "featured": true},
            {"slug": "battery-capacity",  "values": ["2-Ah"],              "featured": true}
        ]
    },
    {
        "slug": "hand-tool-kit",
        "name": "Hand Tool Kit",
        "price": 149,
        "images": [
            "assets/images/products/product-11.jpg",
            "assets/images/products/product-11-1.jpg"
        ],
        "rating": 4,
        "reviews": 7,
        "availability": "in-stock",
        "brand": "hammer",
        "categories": [],
        "attributes": [
            {"slug": "color",             "values": "black"},
            {"slug": "speed",             "values": ["750-rpm"],           "featured": true},
            {"slug": "power-source",      "values": ["cordless-electric"], "featured": true},
            {"slug": "battery-cell-type", "values": ["lithium"],           "featured": true},
            {"slug": "voltage",           "values": ["20-volts"],          "featured": true},
            {"slug": "battery-capacity",  "values": ["2-Ah"],              "featured": true}
        ]
    },
    {
        "slug": "ash-s-chainsaw-3.5kw",
        "name": "Ash\"s Chainsaw 3.5kW",
        "price": 666.99,
        "images": [
            "assets/images/products/product-12.jpg",
            "assets/images/products/product-12-1.jpg"
        ],
        "rating": 5,
        "reviews": 17,
        "availability": "in-stock",
        "brand": "mitasia",
        "categories": [],
        "attributes": [
            {"slug": "color",             "values": "violet"},
            {"slug": "speed",             "values": ["750-rpm"],           "featured": true},
            {"slug": "power-source",      "values": ["cordless-electric"], "featured": true},
            {"slug": "battery-cell-type", "values": ["lithium"],           "featured": true},
            {"slug": "voltage",           "values": ["20-volts"],          "featured": true},
            {"slug": "battery-capacity",  "values": ["2-Ah"],              "featured": true}
        ]
    },
    {
        "slug": "brandix-angle-grinder-kzx3890pqw",
        "name": "Brandix Angle Grinder KZX3890PQW",
        "price": 649,
        "images": [
            "assets/images/products/product-13.jpg",
            "assets/images/products/product-13-1.jpg"
        ],
        "rating": 2,
        "reviews": 8,
        "availability": "in-stock",
        "brand": "mitasia",
        "categories": [],
        "attributes": [
            {"slug": "color",             "values": "purple"},
            {"slug": "speed",             "values": ["750-rpm"],           "featured": true},
            {"slug": "power-source",      "values": ["cordless-electric"], "featured": true},
            {"slug": "battery-cell-type", "values": ["lithium"],           "featured": true},
            {"slug": "voltage",           "values": ["20-volts"],          "featured": true},
            {"slug": "battery-capacity",  "values": ["2-Ah"],              "featured": true}
        ]
    },
    {
        "slug": "brandix-air-compressor-deltakx500",
        "name": "Brandix Air Compressor DELTAKX500",
        "price": 1800,
        "images": [
            "assets/images/products/product-14.jpg",
            "assets/images/products/product-14-1.jpg"
        ],
        "rating": 3,
        "reviews": 14,
        "availability": "in-stock",
        "brand": "brandix",
        "categories": [],
        "attributes": [
            {"slug": "color",             "values": ["light-gray", "emerald"]},
            {"slug": "speed",             "values": ["750-rpm"],           "featured": true},
            {"slug": "power-source",      "values": ["cordless-electric"], "featured": true},
            {"slug": "battery-cell-type", "values": ["lithium"],           "featured": true},
            {"slug": "voltage",           "values": ["20-volts"],          "featured": true},
            {"slug": "battery-capacity",  "values": ["2-Ah"],              "featured": true}
        ]
    },
    {
        "slug": "brandix-electric-jigsaw-jig7000bq",
        "name": "Brandix Electric Jigsaw JIG7000BQ",
        "price": 290,
        "images": [
            "assets/images/products/product-15.jpg",
            "assets/images/products/product-15-1.jpg"
        ],
        "rating": 2,
        "reviews": 1,
        "availability": "in-stock",
        "brand": "brandix",
        "categories": [],
        "attributes": [
            {"slug": "color",             "values": ["coal", "shamrock"]},
            {"slug": "speed",             "values": ["750-rpm"],           "featured": true},
            {"slug": "power-source",      "values": ["cordless-electric"], "featured": true},
            {"slug": "battery-cell-type", "values": ["lithium"],           "featured": true},
            {"slug": "voltage",           "values": ["20-volts"],          "featured": true},
            {"slug": "battery-capacity",  "values": ["2-Ah"],              "featured": true}
        ]
    },
    {
        "slug": "brandix-screwdriver-screw1500acc",
        "name": "Brandix Screwdriver SCREW1500ACC",
        "price": 1499,
        "images": [
            "assets/images/products/product-16.jpg",
            "assets/images/products/product-16-1.jpg",
            "assets/images/products/product-16-2.jpg",
            "assets/images/products/product-16-3.jpg",
            "assets/images/products/product-16-4.jpg"
        ],
        "rating": 5,
        "reviews": 3,
        "availability": "in-stock",
        "brand": "metaggo",
        "categories": [],
        "attributes": [
            {"slug": "color",             "values": ["dark-gray", "shakespeare"]},
            {"slug": "speed",             "values": ["750-rpm"],           "featured": true},
            {"slug": "power-source",      "values": ["cordless-electric"], "featured": true},
            {"slug": "battery-cell-type", "values": ["lithium"],           "featured": true},
            {"slug": "voltage",           "values": ["20-volts"],          "featured": true},
            {"slug": "battery-capacity",  "values": ["2-Ah"],              "featured": true}
        ]
    }
]